ORDERNUMBER,QUANTITYORDERED,PRICEEACH,SALES,YEAR_ID,PRODUCTLINE,MSRP,CUSTOMERNAME,COUNTRY,DEALSIZE
10107,30,95.7,2871.0,2003,Motorcycles,95,Land of Toys Inc.,USA,Small
10121,34,81.35,2765.9,2003,Motor Cycles,95,Reims Collectables,France,Small
10134,41,94.74,3884.34,2003,Motorcycles,95,Lyon Souveniers,France,Medium
10145,45,83.26,3746.7,2003,Motorcycles,95,Toys4GrownUps.com,USA,Medium
10159,49,100.0,5205.27,2003,Motorcycles,95,Corporate Gift Ideas Co.,USA,Medium
10168,36,96.66,3479.76,2003,Motorcycles,95,Technics Stores Inc.,USA,Medium
10180,29,86.13,2497.77,2333,Motorcycles,95,Daedalus Designs Imports,France,Small
10188,48,100.0,5512.32,2003,Motorcycles,95,Herkku Gifts,Norway,Medium
10201,22,98.57,2168.54,2003,Motorcycles,95,Mini Wheels Co.,USA,Small
10211,41,100.0,4708.44,2004,Motorcycles,95,Auto Canal Petit,France,Medium
10223,37,100.0,3965.66,2004,Motorcycles,95,"Australian Collectors, Co.",Australia,Medium
10237,23,100.0,2333.12,2004,Motorcycles ,95,Vitachrome Inc.,USA,Small
10251,28,100.0,3188.64,2004,Motorcycles,95,Tekni Collectables Inc.,USA,Medium
10263,34a,100.0,3676.76,2004,Motorcycles,95,Gift Depot Inc.,USA,Medium
10275,45,92.83,4177.35,2004,Motorcycles,95,La Rochelle Gifts,France,Medium
10285,36,100.0,4099.68,2004,Motorcycles,95,Marta's Replicas Co.,USA,Medium
10299,23,100.0,2597.39,2004,Motorcycles,95,"Toys of Finland, Co.",Finland,Small
10309,41,100.0,4394.38,2004,Motorcycles,95,Baane Mini Imports,Norway,Medium
10318,46,94.74,4358.04,2004,Motor cycles,95,Diecast Classics Inc.,USA,Medium
10329,42,100.0,4396.14,2004,Motorcycles,95,Land of Toys Inc.,USA,Medium
